   ,roll_thick,roll_width,corect_length,len_crop,MAX(ROLL_AIM_LEN-COMBINE_PLATE
1,30,2200,24900,950,950
2,140,2600,6999,250,250
3,100,2200,9650,370,370
4,100,2200,11135,450,450
5,60,2200,16000,600,600
6,36,2200,16900,650,650
7,40,2200,18788,700,700
8,25,2200,27900,1000,1000
9,30,2200,23200,900,900
10,60,2270,11000,420,420
11,40,2020,20000,700,700
12,65,2200,8671,320,320
13,36,2500,18430,700,700
14,40,2320,11439,450,450
15,45,2200,10700,420,420
16,55,2200,10248,420,420
17,55,2200,10201,420,420
18,70,2500,9172,370,370
19,75,2200,9394,370,370
20,80,2200,8807,320,320
21,70,2120,8300,320,320
22,70,2420,8300,320,320
23,70,2200,10595,420,420
24,85,2200,10395,420,420
25,80,2200,9796,370,370
26,90,2600,10891,420,420
27,90,2200,10722,420,420
28,50,2200,9852,370,370
29,90,2600,10887,420,420
30,40,2500,11309,450,450
31,30,2200,25005,950,950
32,32,3000,11749,450,450
33,90,2500,11518,450,450
34,100,2700,10688,420,420
35,100,2500,11606,450,450
36,85,2500,11500,450,450
37,100,2200,12000,450,450
38,70,2200,9662,370,370
39,125,2200,9018,370,370
40,80,2500,10885,420,420
41,80,2520,9260,370,370
42,50,2030,26250,1000,1000
43,20,2500,27000,1000,1000
44,180,2200,6400,250,250
45,58,3530,7365,400,400
46,70,2870,8360,320,320
47,90,2200,11000,420,420
48,50,2200,22874,850,850
49,70,2600,11413,450,450
50,280,2200,4026,0,0
51,45,2200,25050,950,950
52,80,2200,11400,450,450
53,75,2600,10800,420,420
54,40,2500,24000,900,900
55,55,2500,12000,450,450
56,40,2500,12000,450,450
57,70,2600,11402,450,450
58,36,2450,20600,800,800
59,258,2200,5440,0,0
60,250,2200,5615,0,0
61,70,2200,18000,650,650
62,65,2200,19000,700,700
63,70,2500,11800,450,450
64,70,2200,18788,700,700
65,32,2660,24000,1140,1140
66,50,2200,8000,270,270
67,30,2200,27000,1000,1000
68,200,2200,6500,250,250
69,280,2200,5000,0,0
70,40,2200,27900,1000,1000
71,299,2200,4620,0,0
72,40,2200,19800,700,700
73,153,2200,8473,320,320
74,279,2300,4800,0,0
75,259,2200,5350,0,0
76,60,2200,22400,850,850
77,70,2200,19000,700,700
78,260,2200,4454,200,200
79,220,2600,4353,200,200
80,120,2600,9240,400,400
81,310,2200,4400,0,0
82,145,2200,9100,370,370
83,170,2600,5800,230,230
84,55,2600,20400,800,800
85,50,2600,22400,850,850
86,150,2600,6400,250,250
87,320,2200,4250,0,0
88,130,2600,7600,270,270
89,120,2200,9500,370,370
90,100,2600,9578,370,370
91,65,2600,16800,650,650
92,75,2500,11200,450,450
93,360,2200,3914,0,0
94,30,2500,12000,450,450
95,200,2500,5700,230,230
96,90,2200,10020,500,500
97,340,2000,4490,0,0
98,130,2600,9209,400,400
99,25,2200,25200,1120,1120
100,38,2280,21000,800,800
101,70,2200,20130,940,940
102,25,2200,28050,1100,1100
103,30,2200,28290,1100,1100
104,30,2300,22490,1040,1040
105,140,2600,8551,320,320
106,35,2200,22800,1040,1040
107,32,2120,24720,1190,1190
108,280,2200,5032,0,0
109,100,3160,6450,490,490
110,240,2000,5200,0,0
111,80,1800,12000,530,530
112,90,2200,10438,500,500
113,89,2200,9499,470,470
114,180,2200,7515,0,0
115,75,2500,11058,530,530
116,75,2200,11273,530,530
117,36,3150,18560,920,920
118,380,2200,2966,0,0
119,30,2200,23400,1100,1100
120,200,2200,6300,0,0
121,140,2200,6800,250,250
122,40,2500,20332,940,940
123,60,3050,12000,750,750
124,32,3000,25848,950,950
125,350,2200,4026,0,0
126,330,2200,4450,0,0
127,329,2300,4050,0,0
128,340,2200,3315,0,0
129,320,2200,3816,0,0
130,55,2500,12000,540,540
131,310,2200,3636,0,0
132,40,2150,23430,1090,1090
133,40,2100,21600,1000,1000
134,40,2200,17800,760,760
135,309,2350,4250,0,0
136,210,2000,6200,0,0
137,319,2350,4142,0,0
138,300,2200,4660,0,0
139,50,2200,20000,900,900
140,50,2200,20400,940,940
141,279,2200,5020,0,0
142,125,2200,9174,470,470
143,145,2200,8459,320,320
144,200,2600,5700,230,230
145,310,2200,4545,200,200
146,30,2400,26700,1000,1000
147,80,2400,10788,500,500
148,40,2050,22410,1080,1080
149,370,2000,4150,0,0
150,360,2000,4260,0,0
151,300,2200,4670,0,0
152,50,2600,20524,960,960
153,40,2500,20992,940,940
154,32,2300,28113,1100,1100
155,40,2200,17754,800,800
156,120,2200,9844,470,470
157,90,2200,8350,320,320
158,50,2200,16908,800,800
159,125,2050,9659,470,470
160,105,2200,10494,500,500
161,90,2200,10244,500,500
162,72,2200,19570,900,900
163,130,2000,8200,400,400
164,78,3715,7430,400,400
165,45,2400,24900,1120,1120
166,115,2160,8316,320,320
167,110,2200,11102,530,530
168,55,2600,16700,650,650
169,310,2200,3636,170,170
170,80,2600,9977,450,450
171,120,2200,8220,320,320
172,80,2500,11107,540,540
173,80,2200,11836,540,540
174,80,2200,18400,850,850
175,100,2500,6000,250,250
176,159,2200,8820,0,0
177,70,2200,20130,960,960
178,130,2200,10780,0,0
179,55,2200,16600,800,800
180,130,2200,7804,270,270
181,119,2200,9473,470,470
182,65,2600,10525,420,420
183,100,2200,11000,500,500
184,80,2500,11662,530,530
185,130,2500,9000,350,350
186,80,2200,10568,500,500
187,199,2200,5664,0,0
188,45,2200,27708,1000,1000
189,55,2200,21800,1050,1050
190,260,2200,3613,170,170
191,140,2000,8440,350,350
192,70,2200,20936,960,960
193,70,2200,16600,800,800
194,55,2500,11200,540,540
195,50,2030,20600,960,960
196,40,2200,17800,800,800
197,30,2200,22402,1050,1050
198,60,2721,13372,580,580
199,170,2000,5820,0,0
200,160,2400,8050,0,0
201,100,2200,9582,470,470
202,80,2200,17000,800,800
203,100,2500,8400,350,350
204,170,2200,7800,270,270
205,35,2200,16600,800,800
206,35,2000,20612,960,960
207,90,2600,12500,580,580
208,100,3180,6750,490,490
209,60,2530,10680,500,500
210,60,2500,11400,540,540
211,30,2500,23220,1100,1100
212,40,2380,26140,1220,1220
213,165,2400,7800,0,0
214,70,2200,17894,800,800
215,60,2280,12820,580,580
216,240,2200,4227,0,0
217,65,2200,22000,1050,1050
218,30,2500,28600,1350,1350
219,110,2200,10980,500,500
220,50,2200,23058,1100,1100
221,130,2200,8671,350,350
222,90,2200,11600,540,540
223,30,2250,28600,1350,1350
224,210,2300,3600,170,170
225,100,2200,11100,540,540
226,130,2500,8900,400,400
227,30,2300,26400,1220,1220
228,320,2200,4400,0,0
229,60,2200,20130,960,960
230,130,2200,7200,350,350
231,60,2200,18318,900,900
232,50,2030,15340,700,700
233,40,2200,26421,1220,1220
234,60,2200,23312,1100,1100
235,100,2200,8770,400,400
236,90,2600,8868,400,400
237,34,2500,17984,800,800
238,60,2500,20600,960,960
239,185,2000,7000,0,0
240,250,2200,6000,0,0
241,32,2140,23100,1100,1100
242,310,2200,4900,0,0
243,480,2200,3100,0,0
244,200,2000,6400,0,0
245,65,2200,11120,540,540
246,110,2200,8200,320,320
247,32,2780,10900,420,420
248,40,2200,18400,700,700
249,40,2200,16400,650,650
250,70,2200,10065,420,420
251,50,2430,10980,420,420
252,50,2430,8710,320,320
253,45,2200,11000,420,420
254,60,2200,11764,450,450
255,50,2200,11448,450,450
256,50,2200,11376,450,450
257,55,2200,11600,450,450
258,80,2200,9200,370,370
259,36,3220,11000,700,700
260,36,2020,20400,800,800
261,70,2120,8000,270,270
262,70,2600,8923,320,320
263,75,2200,9326,370,370
264,55,2200,17546,650,650
265,50,2200,16600,650,650
266,85,2600,11500,450,450
267,120,2200,8300,320,320
268,50,2200,11300,450,450
269,25,2200,20000,700,700
270,290,2200,3850,170,170
271,50,2200,11465,450,450
272,130,3000,7362,270,270
273,100,2500,6000,230,230
274,120,2200,8200,320,320
275,50,2200,19670,700,700
276,90,2700,11400,450,450
277,70,2800,9700,370,370
278,75,2200,11000,420,420
279,120,2700,8485,320,320
280,70,2500,8885,320,320
281,110,2200,10248,420,420
282,130,2200,7371,270,270
283,100,2200,9864,370,370
284,80,3370,6750,400,400
285,80,2200,11273,450,450
286,100,2700,9597,370,370
287,175,2200,6441,0,0
288,180,2200,6262,0,0
289,260,2200,4400,0,0
290,270,2200,4300,0,0
291,220,2200,5200,0,0
292,40,2200,22104,850,850
293,230,2200,5200,0,0
294,120,2200,10800,420,420
295,120,2200,10300,420,420
296,80,3000,9555,370,370
297,50,2110,11000,420,420
298,80,2120,16700,650,650
299,70,2200,17012,650,650
300,48,3490,14700,800,800
301,45,2200,21920,800,800
302,190,2200,6600,250,250
303,60,3600,12000,750,750
304,50,2500,21326,800,800
305,120,2200,8500,320,320
306,80,2500,10450,420,420
307,90,2200,10700,420,420
308,40,2500,22309,850,850
309,570,2000,2929,0,0
310,80,2600,10000,370,370
311,50,2450,21838,800,800
312,250,2200,4509,0,0
313,40,2110,9770,370,370
314,100,3160,6450,400,400
315,60,2600,11737,450,450
316,120,2200,10900,420,420
317,50,2200,25401,950,950
318,260,2200,4335,0,0
319,260,2200,5400,0,0
320,550,2000,3000,0,0
321,55,2700,10500,420,420
322,120,2600,7700,270,270
323,278,2200,5040,0,0
324,55,2200,20246,800,800
325,239,2200,5800,0,0
326,90,2500,10105,420,420
327,80,2170,13530,600,600
328,270,2200,4175,0,0
329,100,2500,9786,370,370
330,60,2200,17988,650,650
331,130,2200,8671,320,320
332,270,2600,4000,170,170
333,370,2200,4113,0,0
334,140,2600,5200,230,230
335,60,2600,17736,650,650
336,190,2200,6900,250,250
337,140,2600,6841,250,250
338,140,2200,8052,320,320
339,150,2200,9000,320,320
340,90,2600,10642,420,420
341,230,2200,6100,0,0
342,80,2600,10400,420,420
343,80,2200,11300,450,450
344,32,2200,26421,1000,1000
345,75,2200,11500,450,450
346,330,2200,4270,0,0
347,50,2600,20400,800,800
348,310,2200,4500,0,0
349,35,2200,26841,1000,1000
350,50,2600,18698,700,700
351,310,2600,3150,170,170
352,70,2500,17770,800,800
353,35,2300,25701,1120,1120
354,75,3370,6750,490,490
355,175,2200,7500,350,350
356,30,2200,25050,1190,1190
357,36,3540,12370,750,750
358,50,2800,20800,960,960
359,50,3450,8810,450,450
360,26,3550,24320,1400,1400
361,50,2500,11500,450,450
362,190,2000,6650,0,0
363,30,2200,28182,1100,1100
364,60,2200,18174,850,850
365,70,2200,11000,500,500
366,60,2500,11500,530,530
367,80,2000,10000,470,470
368,30,2500,27645,1000,1000
369,100,2200,11273,530,530
370,110,2200,10248,500,500
371,50,2430,10000,470,470
372,210,2200,6250,250,250
373,170,2600,6600,250,250
374,160,2200,8200,400,400
375,190,2200,7416,270,270
376,145,2200,9718,470,470
377,300,2200,3757,0,0
378,99,2200,8540,320,320
379,230,2200,4901,0,0
380,239,2200,4716,0,0
381,369,2200,4073,0,0
382,349,2200,4037,0,0
383,60,2530,18670,700,700
384,170,2200,3406,170,170
385,230,2200,5881,0,0
386,30,2530,26700,1000,1000
387,185,2200,7600,0,0
388,140,2200,6441,250,250
389,209,2200,6620,0,0
390,36,2240,24600,1190,1190
391,269,2300,5000,0,0
392,120,2780,8455,320,320
393,60,2600,18400,700,700
394,150,2500,6700,280,280
395,265,2200,4254,0,0
396,200,2200,7000,0,0
397,55,2200,20400,940,940
398,110,2200,11712,530,530
399,80,2200,9394,470,470
400,79,2200,9513,470,470
401,74,2200,9300,470,470
402,320,2200,3200,0,0
403,87,2200,10798,500,500
404,180,2200,7800,0,0
405,60,2400,18494,900,900
406,340,2200,3978,0,0
407,40,2200,22000,1050,1050
408,130,2200,10839,500,500
409,80,2100,12300,580,580
410,78,2200,18066,900,900
411,30,2200,26841,1220,1220
412,210,2200,6670,0,0
413,200,2200,7010,0,0
414,60,2500,21004,1050,1050
415,60,2600,20752,960,960
416,180,2200,7790,0,0
417,160,2200,8750,0,0
418,290,2200,3887,170,170
419,310,2200,4520,0,0
420,149,2350,7095,270,270
421,290,2200,4800,0,0
422,45,2200,18788,900,900
423,279,2200,5050,0,0
424,95,2200,8899,320,320
425,229,2200,4922,0,0
426,230,2500,3605,170,170
427,50,2200,22546,1080,1080
428,42,2300,21418,1050,1050
429,55,3000,11279,700,700
430,30,2200,20300,960,960
431,115,2500,10000,470,470
432,130,2200,8250,400,400
433,160,2200,7150,350,350
434,150,2200,7430,350,350
435,50,2570,21312,1000,1000
436,60,2280,17946,800,800
437,120,2480,8358,400,400
438,110,2480,9118,470,470
439,70,2200,11503,530,530
440,25,3200,20000,1050,1050
441,190,2000,5300,0,0
442,550,2000,3035,0,0
443,180,2400,7160,0,0
444,105,2200,9000,350,350
445,260,2000,3900,0,0
446,320,2000,4800,0,0
447,100,2200,9050,470,470
448,55,2600,20600,960,960
449,50,2500,23008,1100,1100
450,30,2200,23500,1100,1100
451,70,2200,10300,500,500
452,240,2490,4880,200,200
453,38,2200,21190,1050,1050
454,60,2721,12458,580,580
455,58,2320,19260,920,920
456,190,2400,6760,0,0
457,175,2400,7360,0,0
458,40,2470,15877,700,700
459,45,2380,21360,1050,1050
460,80,2320,9020,470,470
461,60,2400,16600,800,800
462,55,2500,20400,960,960
463,260,2200,4769,140,140
464,220,2200,6405,0,0
465,160,2200,6693,0,0
466,110,2200,9223,470,470
467,130,3000,7400,270,270
468,140,2600,7150,350,350
469,115,2200,7400,350,350
470,90,2200,10773,500,500
471,50,2550,16860,800,800
472,55,3640,7850,400,400
473,50,1940,24900,1120,1120
474,45,2000,22902,1050,1050
475,45,2500,10200,500,500
476,75,2200,10300,500,500
477,320,2200,4200,200,200
478,120,2200,8300,400,400
479,40,2200,25734,1120,1120
480,55,2200,21960,1050,1050
481,40,2200,23486,1100,1100
482,50,2500,19904,920,920
483,100,2600,8300,400,400
484,36,3650,21920,1200,1200
485,590,2000,2800,0,0
486,40,2500,11500,540,540
487,380,2200,4000,0,0
488,85,2200,8900,400,400
489,75,2200,10050,500,500
490,70,2200,10065,500,500
491,210,2200,6710,0,0
492,25,2500,26400,1220,1220
493,40,2200,20432,960,960
494,25,2200,27810,1280,1280
495,620,2000,2700,0,0
496,210,2200,5600,0,0
497,240,2000,5400,0,0
498,25,2200,27054,1280,1280
499,180,2200,6433,250,250
500,40,2030,12300,500,500
501,50,2500,21000,800,800
502,40,2200,16756,650,650
503,30,2200,25155,950,950
504,60,2120,11381,450,450
505,50,2700,11455,450,450
506,60,2200,11273,450,450
507,50,2500,11058,450,450
508,60,2200,11600,450,450
509,60,2200,10568,420,420
510,65,2800,12000,450,450
511,60,2200,20000,0,0
512,120,2350,8700,320,320
513,100,2200,11580,450,450
514,120,2200,9650,370,370
515,50,2200,11600,450,450
516,35,2200,20332,800,800
517,35,2500,16600,650,650
518,50,2300,9460,370,370
519,90,2500,11320,450,450
520,45,2400,12500,500,500
521,110,2000,11400,450,450
522,110,2200,10833,420,420
523,80,1990,16560,650,650
524,140,2900,5240,230,230
525,50,2200,22546,850,850
526,100,2200,11273,450,450
527,240,2200,5750,0,0
528,35,2200,26160,1000,1000
529,180,2600,6200,250,250
530,70,2200,10600,420,420
531,48,3490,14700,1000,1000
532,280,2200,4100,0,0
533,60,2200,20666,800,800
534,250,2200,4600,0,0
535,50,2200,18788,700,700
536,45,2200,20876,800,800
537,90,2200,10438,420,420
538,75,2700,8000,270,270
539,150,2200,8600,320,320
540,135,2200,6500,250,250
541,32,2500,26655,1000,1000
542,80,2600,10300,420,420
543,140,2500,7200,270,270
544,520,2000,3210,0,0
545,130,2200,9972,370,370
546,130,2200,7350,270,270
547,120,2500,8400,320,320
548,55,2200,20248,800,800
549,55,2200,20000,700,700
550,50,2450,15500,600,600
551,249,2350,4245,0,0
552,35,2000,10000,370,370
553,225,2200,6140,0,0
554,90,2140,12560,500,500
555,95,2200,11600,450,450
556,60,2200,20400,800,800
557,179,2200,6297,0,0
558,240,2200,5850,0,0
559,90,2400,10788,500,500
560,60,2600,16700,650,650
561,70,2200,16600,650,650
562,90,2200,11387,450,450
563,60,2600,11600,450,450
564,249,2200,5560,0,0
565,120,2600,7615,270,270
566,50,2500,21048,800,800
567,140,2200,8200,320,320
568,210,2200,6450,0,0
569,80,2200,16600,650,650
570,70,2200,17200,650,650
571,120,2600,8400,320,320
572,100,2600,10500,420,420
573,150,2200,7250,270,270
574,260,2200,5350,0,0
575,60,2200,18672,700,700
576,340,2200,4144,0,0
577,120,2600,8200,320,320
578,65,3000,15906,600,600
579,50,2680,18462,700,700
580,30,2200,25050,1120,1120
581,300,2500,4200,200,200
582,70,2500,10300,420,420
583,140,2200,9260,470,470
584,60,2500,20280,940,940
585,230,2200,6126,250,250
586,200,2500,6220,250,250
587,50,2550,15200,700,700
588,55,2200,23500,1100,1100
589,36,3500,22520,1300,1300
590,32,2200,22960,1090,1090
591,30,2430,24600,1190,1190
592,260,2200,5203,0,0
593,36,3030,25420,1300,1300
594,36,3500,12800,800,800
595,170,2200,6631,280,280
596,240,2200,5871,0,0
597,80,2760,9160,450,450
598,50,3230,12620,750,750
599,50,3400,12600,750,750
600,130,2500,9569,470,470
601,75,2950,10900,700,700
602,480,2200,3170,0,0
603,110,2600,10884,420,420
604,105,2200,10736,500,500
605,150,2200,9018,0,0
606,220,2200,6250,0,0
607,270,2000,4580,0,0
608,45,2500,23054,1090,1090
609,360,2200,3131,0,0
610,380,2000,4020,0,0
611,329,2350,4016,0,0
612,370,2200,3427,0,0
613,26,2610,22212,850,850
614,60,2200,21344,800,800
615,220,2000,5650,0,0
616,34,2300,22400,850,850
617,40,2500,18572,700,700
618,100,2200,13200,580,580
619,150,2600,7055,270,270
620,350,2200,4200,0,0
621,319,2300,4230,0,0
622,80,2500,10300,500,500
623,60,2200,21400,1050,1050
624,60,2200,20400,940,940
625,380,2200,3559,0,0
626,65,2200,17342,800,800
627,82,2200,11456,530,530
628,140,2200,7549,270,270
629,32,2200,24720,1120,1120
630,45,2200,27834,1000,1000
631,125,2200,8528,320,320
632,320,2200,3914,170,170
633,85,2200,8726,320,320
634,380,2200,3200,0,0
635,300,2200,4175,200,200
636,75,3000,11029,700,700
637,80,2200,9450,470,470
638,320,2200,4227,0,0
639,210,2330,5050,250,250
640,70,2600,17102,800,800
641,150,2200,7045,270,270
642,28,2200,27297,1000,1000
643,150,2200,6763,250,250
644,149,2200,6200,250,250
645,145,2200,8100,320,320
646,70,2200,17000,800,800
647,55,2700,20828,960,960
648,200,2200,3000,150,150
649,90,2200,11700,530,530
650,25,2330,22400,1080,1080
651,170,2200,8250,0,0
652,70,2200,20936,940,940
653,20,2500,26000,1120,1120
654,55,2400,11650,540,540
655,60,2500,16586,800,800
656,25,2200,27474,1280,1280
657,32,2500,25917,1120,1120
658,30,2200,22544,1050,1050
659,30,2200,19506,920,920
660,45,2500,20400,960,960
661,110,2450,5550,280,280
662,235,2200,4797,0,0
663,45,2380,21571,1050,1050
664,40,2050,19859,920,920
665,650,2000,2550,0,0
666,90,2200,11273,540,540
667,100,2400,10356,500,500
668,120,2200,7515,270,270
669,270,2200,5190,0,0
670,125,2400,8285,320,320
671,100,2200,11400,540,540
672,135,1950,12500,560,560
673,60,2200,19716,920,920
674,180,2200,7400,270,270
675,160,2200,8400,320,320
676,120,2500,9215,470,470
677,115,2200,8250,320,320
678,35,2500,21972,1050,1050
679,85,2500,11708,530,530
680,60,2500,12000,540,540
681,50,2200,23028,1100,1100
682,30,2200,23058,1100,1100
683,50,2500,9000,350,350
684,60,2480,19074,900,900
685,70,2200,18582,900,900
686,65,2200,18000,800,800
687,190,2400,6770,0,0
688,45,2580,13220,580,580
689,180,2200,5323,0,0
690,150,2200,6388,0,0
691,280,2200,4428,140,140
692,280,2000,4200,140,140
693,160,2200,5988,0,0
694,155,2200,6909,0,0
695,80,2460,8130,400,400
696,185,2200,6900,280,280
697,80,2500,11749,540,540
698,50,1850,15200,700,700
699,30,2530,26784,1220,1220
700,60,2500,10366,500,500
701,25,2200,27900,1280,1280
702,80,2500,10573,500,500
703,130,2750,4250,200,200
704,50,2000,20612,960,960
705,40,2200,25830,1120,1120
706,55,2500,20500,960,960
707,90,2200,8500,400,400
708,310,2200,4540,0,0
709,30,2200,28200,1350,1350
710,28,2400,23116,1100,1100
711,28,2200,20130,960,960
712,25,2500,22116,1080,1080
713,60,4000,12000,750,750
714,580,2000,2878,0,0
715,130,2200,10598,500,500
716,100,2200,11776,540,540
717,115,2500,8660,400,400
718,100,3180,6750,400,400
719,278,2200,5068,0,0
720,60,2200,9101,470,470
721,55,2500,11309,540,540
722,80,2500,11662,540,540
723,50,2200,27900,1280,1280
724,215,2000,6000,0,0
725,50,2500,11693,540,540
726,30,2190,24600,1120,1120
727,28,2250,28600,1350,1350
728,270,2200,5600,0,0
729,170,2200,8289,400,400
730,200,2200,7045,0,0
731,30,2200,25050,950,950
732,25,2200,26700,1000,1000
733,30,2200,16600,650,650
734,32,2200,22018,850,850
735,140,3000,6200,250,250
736,58,2350,7365,270,270
737,60,2200,17984,650,650
738,50,2430,10200,420,420
739,45,2200,16800,650,650
740,40,2500,16400,650,650
741,60,2270,11500,450,450
742,40,2200,18032,700,700
743,50,2430,12210,500,500
744,65,2200,10883,420,420
745,60,2700,9791,370,370
746,50,2500,11464,450,450
747,50,2500,11483,450,450
748,40,2500,11686,450,450
749,55,2200,10064,420,420
750,45,2200,16600,650,650
751,60,3000,11000,420,420
752,30,2200,25500,950,950
753,65,2500,9569,370,370
754,90,2200,11500,450,450
755,80,3000,10615,420,420
756,110,2350,8730,320,320
757,80,2200,11500,450,450
758,80,2200,10374,420,420
759,105,2200,11029,450,450
760,40,2200,18380,700,700
761,36,3220,9700,600,600
762,130,2600,7537,270,270
763,25,2200,19500,700,700
764,30,2200,17000,650,650
765,70,3000,10000,370,370
766,110,2200,8300,320,320
767,80,2500,10366,420,420
768,120,2500,9215,370,370
769,48,3000,7350,270,270
770,110,2200,8540,320,320
771,145,2200,7774,270,270
772,70,2200,16800,650,650
773,80,2200,10568,420,420
774,170,2200,6631,0,0
775,60,2470,11380,450,450
776,80,2000,18000,650,650
777,40,2200,27000,1000,1000
778,110,2350,7850,270,270
779,300,2200,4600,0,0
780,210,2200,5400,0,0
781,70,2500,9400,370,370
782,80,2200,16400,650,650
783,110,2600,7256,270,270
784,58,2530,14730,600,600
785,35,2450,12000,450,450
786,190,2500,5238,230,230
787,80,2660,6400,250,250
788,180,2200,6262,250,250
789,100,2200,9394,370,370
790,60,2200,18000,650,650
791,50,2200,18000,650,650
792,60,2500,16586,650,650
793,90,2600,10800,420,420
794,160,2200,7200,270,270
795,140,2200,9260,370,370
796,160,2200,8102,320,320
797,30,2500,28500,1100,1100
798,60,2200,21000,800,800
799,32,2800,24600,1250,1250
800,50,2300,16600,650,650
801,65,2200,18000,650,650
802,95,2600,10300,420,420
803,50,2030,17650,650,650
804,30,2200,28900,1100,1100
805,170,2200,8200,0,0
806,195,2200,7200,0,0
807,269,2200,5220,0,0
808,120,2200,10000,370,370
809,100,2500,10520,420,420
810,330,2200,4200,0,0
811,289,2300,4640,0,0
812,100,2500,11200,450,450
813,60,2600,18600,700,700
814,245,2200,5650,0,0
815,290,2200,4830,0,0
816,110,2200,11700,450,450
817,190,2200,6300,0,0
818,80,3000,9500,600,600
819,230,2600,4500,200,200
820,220,2600,4600,200,200
821,200,2200,6600,250,250
822,150,2200,6400,250,250
823,40,2200,23000,850,850
824,85,2600,11320,450,450
825,280,2200,4136,200,200
826,55,2500,18094,700,700
827,299,2300,4490,0,0
828,298,2200,4710,0,0
829,50,2200,17800,650,650
830,70,2200,18600,700,700
831,65,2200,19510,700,700
832,60,2400,18000,650,650
833,65,2600,10700,420,420
834,55,2200,20402,800,800
835,95,2200,11800,530,530
836,50,2200,22130,850,850
837,320,2200,4380,0,0
838,100,2500,9952,470,470
839,40,2500,24879,1120,1120
840,80,2200,17614,800,800
841,36,2500,23036,900,900
842,150,2600,7981,270,270
843,35,2200,28200,1100,1100
844,70,2200,16300,650,650
845,55,2500,19944,900,900
846,36,2300,19060,900,900
847,180,2500,6911,250,250
848,60,2500,20732,940,940
849,65,2200,21600,1000,1000
850,36,3220,23480,1350,1350
851,36,3180,21000,1200,1200
852,36,3110,23520,1350,1350
853,36,2750,23520,1200,1200
854,170,2200,6631,250,250
855,36,2280,22560,1080,1080
856,36,2270,23710,1100,1100
857,30,2130,25800,1190,1190
858,140,3000,6300,280,280
859,50,2030,8750,320,320
860,120,2500,10366,500,500
861,40,2100,24300,1120,1120
862,40,2150,23270,1090,1090
863,40,2680,23076,1140,1140
864,50,3440,12440,750,750
865,50,3370,16540,1000,1000
866,50,2000,10000,370,370
867,25,2200,24000,1090,1090
868,100,2500,9800,470,470
869,100,2200,9864,470,470
870,190,2200,4746,0,0
871,350,2200,4026,140,140
872,280,2200,4831,0,0
873,270,2200,5010,0,0
874,40,2500,23560,1100,1100
875,145,2200,9150,470,470
876,110,2200,10300,420,420
877,85,2200,9947,470,470
878,32,2020,24720,1120,1120
879,50,2500,21326,1000,1000
880,330,2200,3221,0,0
881,50,2600,22600,1080,1080
882,340,2200,3450,0,0
883,50,2610,12120,500,500
884,28,2200,23066,1100,1100
885,370,2200,3046,0,0
886,215,2200,3277,0,0
887,195,2200,7180,0,0
888,339,2350,3898,0,0
889,45,2200,22268,850,850
890,90,2200,8400,320,320
891,28,2420,24720,1120,1120
892,135,2200,8016,320,320
893,32,2530,24000,1180,1180
894,50,2030,20600,800,800
895,50,2030,18800,700,700
896,185,2200,7312,0,0
897,175,2200,7730,0,0
898,50,2030,17000,650,650
899,120,2200,10803,420,420
900,350,2000,4360,0,0
901,300,2200,4697,200,200
902,45,2700,20400,960,960
903,70,2500,11800,530,530
904,78,2400,11064,530,530
905,300,2200,3288,0,0
906,80,2200,18000,800,800
907,125,2200,9018,470,470
908,69,2200,17970,800,800
909,28,2300,24900,1120,1120
910,119,2200,8150,320,320
911,50,2200,21136,1050,1050
912,100,2500,10503,500,500
913,45,2200,25050,1120,1120
914,35,2400,27741,1000,1000
915,140,2200,7381,270,270
916,40,2380,24168,1120,1120
917,25,2400,28245,1100,1100
918,60,2200,23400,1100,1100
919,90,2500,11700,530,530
920,60,2500,19138,900,900
921,159,2200,7090,0,0
922,150,2200,9350,0,0
923,320,2200,3331,0,0
924,80,2500,10400,500,500
925,270,2200,3100,0,0
926,169,2350,6255,0,0
927,160,2200,7200,0,0
928,350,2200,3865,0,0
929,160,2000,8440,350,350
930,100,2400,11096,530,530
931,229,2200,6153,0,0
932,60,2200,17888,800,800
933,100,2600,10300,420,420
934,140,3600,6110,490,490
935,179,2200,7830,0,0
936,150,2200,7515,270,270
937,70,2200,16500,800,800
938,45,2200,27555,1000,1000
939,360,2200,3757,0,0
940,70,2500,16700,800,800
941,65,2500,19138,920,920
942,55,2400,22200,1080,1080
943,80,2060,15500,700,700
944,25,2260,26208,1220,1220
945,85,2100,10407,500,500
946,50,2200,22302,1080,1080
947,60,2480,14075,650,650
948,48,2650,22000,960,960
949,170,2200,7800,350,350
950,45,2200,16600,800,800
951,82,2400,10525,500,500
952,45,2070,27266,1280,1280
953,110,2600,10186,500,500
954,159,2200,8800,0,0
955,100,3000,8450,320,320
956,100,2500,10050,500,500
957,135,2400,7671,270,270
958,115,2400,9005,470,470
959,30,2200,26304,1220,1220
960,40,2200,23200,1100,1100
961,60,2600,14000,600,600
962,100,2200,10821,500,500
963,40,2130,21200,1000,1000
964,300,2000,4200,0,0
965,40,2200,25620,1120,1120
966,28,2350,28600,1350,1350
967,85,2250,10600,500,500
968,60,2190,20906,940,940
969,60,2400,21000,960,960
970,80,2200,11159,540,540
971,45,2580,20310,960,960
972,70,2400,10568,500,500
973,380,2000,3254,0,0
974,200,2200,4791,0,0
975,170,2200,5636,0,0
976,140,2200,8200,350,350
977,250,2000,5800,250,250
978,320,2000,4600,140,140
979,140,2000,4220,200,200
980,45,2200,20876,960,960
981,26,2300,22490,1080,1080
982,35,2200,20200,960,960
983,110,2500,11309,540,540
984,100,2200,11649,540,540
985,200,2200,3100,170,170
986,215,2200,5243,0,0
987,36,2200,20000,920,920
988,40,2200,27243,1280,1280
989,35,2200,21800,1050,1050
990,40,2200,10700,500,500
991,210,2200,6300,280,280
992,50,2200,20000,920,920
993,45,2200,21710,1000,1000
994,26,2610,21770,820,820
995,80,2200,9500,470,470
996,25,2200,28200,1350,1350
997,630,2000,2600,0,0
998,410,2200,3700,0,0
999,190,2200,6100,0,0
1000,50,2200,11022,540,540
1001,40,2200,17614,800,800
1002,50,2200,11600,540,540
1003,45,2500,11323,540,540
1004,700,2000,3000,0,0
1005,36,2300,20100,960,960
1006,370,2200,4100,0,0
1007,170,2200,7000,0,0
1008,180,2200,7828,350,350
1009,190,2000,6800,0,0
1010,50,2500,10996,500,500
1011,45,2200,11387,540,540
1012,60,2200,11771,540,540
1013,35,2200,20130,800,800
1014,160,2200,7133,270,270
1015,130,2200,8413,320,320
1016,100,2500,10814,420,420
1017,60,2500,10653,420,420
1018,36,2200,19570,700,700
1019,60,2200,11743,450,450
1020,50,2430,11000,420,420
1021,50,2430,10000,370,370
1022,45,2200,11387,450,450
1023,50,2200,11491,450,450
1024,50,2200,11601,450,450
1025,36,3220,10980,700,700
1026,80,2200,11800,450,450
1027,110,2200,8885,320,320
1028,110,2200,9650,370,370
1029,120,2200,7000,250,250
1030,90,3000,9000,320,320
1031,90,2200,9650,370,370
1032,36,2010,20400,800,800
1033,60,3000,11500,450,450
1034,50,2500,9952,370,370
1035,55,3000,12000,450,450
1036,120,2200,11000,420,420
1037,100,2200,11453,450,450
1038,165,2200,6832,0,0
1039,40,2500,20000,700,700
1040,50,2030,17500,650,650
1041,260,2200,4350,200,200
1042,90,2200,10960,420,420
1043,185,2200,6200,0,0
1044,195,2200,6200,0,0
1045,310,2200,4450,0,0
1046,110,2000,12000,450,450
1047,20,2600,28890,0,0
1048,70,2200,18800,700,700
1049,70,3050,6500,400,400
1050,150,2200,8900,320,320
1051,140,2900,6540,250,250
1052,50,2200,22000,800,800
1053,60,2200,18860,700,700
1054,90,2200,10550,420,420
1055,100,2200,10600,420,420
1056,80,2600,11800,450,450
1057,36,1910,24420,950,950
1058,140,2200,6850,250,250
1059,100,2200,9500,370,370
1060,70,2200,11400,450,450
1061,110,2500,10500,420,420
1062,55,2200,18006,700,700
1063,235,2200,5880,0,0
1064,160,2600,6500,250,250
1065,100,2200,11700,450,450
1066,60,2500,17278,650,650
1067,60,2400,17260,650,650
1068,150,2200,8700,320,320
1069,80,2200,16500,650,650
1070,60,2200,20388,800,800
1071,35,2200,25767,950,950
1072,60,2200,20100,800,800
1073,90,2200,10500,420,420
1074,60,2200,20876,800,800
1075,35,2300,26988,1000,1000
1076,80,2600,11000,420,420
1077,240,2200,5800,0,0
1078,65,2200,17200,650,650
1079,80,2200,16300,650,650
1080,60,2700,17000,650,650
1081,60,2200,18834,700,700
1082,55,2600,17414,650,650
1083,200,2200,5636,0,0
1084,45,2200,23364,900,900
1085,25,2200,27054,1000,1000
1086,30,2200,28200,1100,1100
1087,140,2200,10065,500,500
1088,130,2200,11397,530,530
1089,330,2200,4270,140,140
1090,210,2200,6710,250,250
1091,70,2200,16400,800,800
1092,36,3040,22840,1300,1300
1093,30,2430,27900,1280,1280
1094,160,2200,7045,270,270
1095,32,3300,23340,1350,1350
1096,36,2220,21900,1050,1050
1097,600,2000,2500,0,0
1098,40,2430,16450,760,760
1099,90,2200,11231,530,530
1100,60,3000,9100,600,600
1101,380,2200,4045,0,0
1102,110,2200,8198,320,320
1103,160,2600,7050,350,350
1104,30,2530,26103,1000,1000
1105,120,2200,10899,420,420
1106,330,2200,3586,0,0
1107,249,2200,5640,0,0
1108,40,2430,21492,1020,1020
1109,40,2100,22800,1040,1040
1110,230,2200,5081,0,0
1111,80,2600,10100,420,420
1112,360,2200,4200,0,0
1113,295,2200,3821,0,0
1114,65,2200,20500,800,800
1115,219,2200,6320,0,0
1116,50,2450,17000,650,650
1117,120,3600,3875,350,350
1118,380,2200,3411,0,0
1119,150,2200,8642,320,320
1120,359,2200,3925,0,0
1121,145,2200,8638,320,320
1122,120,2600,8500,320,320
1123,105,2200,8947,320,320
1124,55,2500,22618,1080,1080
1125,45,2200,21400,1050,1050
1126,45,2710,12957,580,580
1127,370,2200,3656,0,0
1128,30,2500,23400,1100,1100
1129,380,2000,4010,0,0
1130,240,2200,5400,250,250
1131,100,2200,10145,500,500
1132,75,2200,19800,900,900
1133,65,2200,22546,1080,1080
1134,35,2500,21326,1050,1050
1135,129,2200,8739,320,320
1136,92,2200,10211,500,500
1137,25,2200,27600,1000,1000
1138,155,2200,7273,0,0
1139,80,2200,16600,800,800
1140,40,2500,21006,1000,1000
1141,129,2200,8150,320,320
1142,130,2500,7655,270,270
1143,50,2500,22116,1080,1080
1144,40,2300,17664,800,800
1145,190,2200,7380,0,0
1146,160,2400,8200,0,0
1147,100,2000,10306,500,500
1148,320,2200,3700,0,0
1149,160,2200,8760,0,0
1150,60,2600,16760,650,650
1151,90,2600,11706,450,450
1152,45,2200,20876,940,940
1153,45,2500,22116,1080,1080
1154,35,2200,22546,1080,1080
1155,205,2200,5499,0,0
1156,40,2000,20600,960,960
1157,149,2200,7565,270,270
1158,90,2400,11507,530,530
1159,90,2200,10330,500,500
1160,120,2200,10144,500,500
1161,150,2200,8150,0,0
1162,90,2500,11800,540,540
1163,40,2410,19860,920,920
1164,60,2600,10974,500,500
1165,75,2200,11600,540,540
1166,219,2200,5200,0,0
1167,70,2200,11600,530,530
1168,55,2400,20174,940,940
1169,75,2500,11279,530,530
1170,65,2200,20400,940,940
1171,50,2400,22192,1080,1080
1172,50,2000,20612,940,940
1173,25,2200,27000,1000,1000
1174,35,1900,22100,1080,1080
1175,64,2200,11500,530,530
1176,30,2200,25032,1120,1120
1177,40,2500,24000,1100,1100
1178,60,2200,20600,960,960
1179,40,2430,11000,500,500
1180,50,3530,10600,700,700
1181,25,2200,22546,1050,1050
1182,80,2500,11300,540,540
1183,65,1820,15660,700,700
1184,60,2480,11967,540,540
1185,30,2450,26868,1220,1220
1186,40,2430,20538,960,960
1187,60,2280,10204,500,500
1188,95,2400,9084,470,470
1189,45,2070,26514,1220,1220
1190,95,2200,11273,540,540
1191,140,2200,6750,250,250
1192,130,2400,8300,320,320
1193,55,2500,20600,940,940
1194,240,2200,5500,230,230
1195,80,2600,14000,600,600
1196,26,2880,24510,1250,1250
1197,55,2200,21350,1050,1050
1198,40,2030,20000,920,920
1199,50,2200,18200,850,850
1200,28,2200,25161,1120,1120
1201,45,2500,24000,1120,1120
1202,40,2500,18000,800,800
1203,60,2400,19916,900,900
1204,40,2500,24000,1120,1120
1205,45,2380,22594,1080,1080
1206,45,2070,20632,960,960
1207,40,2450,27723,1280,1280
1208,65,2500,10900,500,500
1209,65,2200,20300,960,960
1210,75,2600,10642,420,420
1211,75,2030,16020,800,800
1212,100,2600,10200,500,500
1213,50,2050,15200,700,700
1214,120,2200,8924,350,350
1215,260,2200,4200,0,0
1216,80,2320,14040,650,650
1217,45,2500,22116,1050,1050
1218,250,2200,4960,140,140
1219,300,2000,4900,140,140
1220,70,2200,20000,920,920
1221,230,2200,4656,0,0
1222,25,2200,25050,1120,1120
1223,25,2200,27432,1280,1280
1224,30,2660,17660,860,860
1225,50,2200,16600,800,800
1226,80,3200,6800,400,400
1227,75,2200,18788,850,850
1228,32,2200,26421,1220,1220
1229,80,2200,11700,540,540
1230,120,2200,7515,350,350
1231,100,2050,8000,350,350
1232,35,2500,12000,540,540
1233,185,2200,7200,350,350
1234,40,2500,25767,1120,1120
1235,270,2200,5500,0,0
1236,300,2200,5000,0,0
1237,320,2200,4700,0,0
1238,230,2200,4900,0,0
1239,60,2200,23486,1100,1100
1240,60,2200,16712,800,800
1241,40,2200,18486,850,850
1242,60,1970,10170,480,480
1243,280,2200,5150,0,0
1244,110,2200,8600,400,400
1245,25,2500,22746,1080,1080
1246,22,2200,28020,1350,1350
1247,250,2000,5200,0,0
1248,30,2200,18788,850,850
1249,40,2200,10000,470,470
1250,230,2000,6400,280,280
1251,40,2200,24600,1120,1120
1252,110,3000,8200,320,320
1253,40,2060,14700,600,600
1254,30,2500,16900,650,650
1255,60,2120,11380,450,450
1256,60,2270,11339,450,450
1257,40,2200,18166,700,700
1258,40,2500,11000,420,420
1259,80,2200,9297,370,370
1260,40,2200,18800,700,700
1261,80,2200,8000,270,270
1262,70,2420,8000,270,270
1263,65,2200,10504,420,420
1264,190,2200,6200,250,250
1265,60,2200,19300,700,700
1266,100,2600,10000,370,370
1267,100,2200,11766,450,450
1268,35,2200,17440,650,650
1269,130,2200,8908,320,320
1270,200,2500,5200,230,230
1271,90,2200,11279,450,450
1272,75,2200,8601,320,320
1273,75,2500,8750,320,320
1274,70,2600,9000,320,320
1275,110,2700,9257,370,370
1276,70,2200,9202,370,370
1277,50,2500,12000,450,450
1278,80,2200,9300,370,370
1279,120,2200,9394,370,370
1280,135,2200,8350,320,320
1281,60,2500,16800,650,650
1282,60,2200,18788,700,700
1283,45,2200,22546,850,850
1284,120,2000,8000,270,270
1285,40,3000,20000,700,700
1286,150,2600,7400,270,270
1287,60,2200,9200,370,370
1288,120,2600,9200,370,370
1289,80,2600,11500,450,450
1290,60,2200,20130,800,800
1291,80,2500,11300,450,450
1292,110,2500,10052,420,420
1293,80,2200,10000,370,370
1294,40,2410,19860,700,700
1295,100,2100,10710,420,420
1296,50,2200,20000,700,700
1297,100,2200,11400,450,450
1298,100,2630,10000,370,370
1299,50,2500,19904,700,700
1300,270,2200,5200,0,0
1301,82,3180,6360,400,400
1302,130,2600,6250,250,250
1303,130,2200,9600,370,370
1304,35,2200,27000,1000,1000
1305,640,2000,2608,0,0
1306,70,2600,10300,420,420
1307,70,2600,11500,450,450
1308,50,2500,21200,800,800
1309,40,2430,25750,950,950
1310,70,2200,16500,650,650
1311,60,2600,11500,450,450
1312,110,2600,8707,320,320
1313,50,2030,20800,800,800
1314,40,2430,21296,800,800
1315,60,2500,19514,700,700
1316,710,1800,2604,0,0
1317,259,2200,5420,0,0
1318,55,2200,17080,650,650
1319,76,2400,12000,450,450
1320,279,2200,4960,0,0
1321,100,2600,10200,420,420
1322,65,2200,20000,700,700
1323,100,2400,10600,420,420
1324,50,2200,26634,1000,1000
1325,250,2200,4750,200,200
1326,60,2200,22200,850,850
1327,260,2600,3800,170,170
1328,85,2200,11500,450,450
1329,490,2200,3105,0,0
1330,210,2600,5000,200,200
1331,200,2600,5600,230,230
1332,160,2200,8100,320,320
1333,120,2200,9785,370,370
1334,290,2200,3887,0,0
1335,85,2600,11268,450,450
1336,85,2200,10610,420,420
1337,210,2200,6690,0,0
1338,299,2350,4400,0,0
1339,75,2600,11300,450,450
1340,70,2500,11196,450,450
1341,380,2200,3708,0,0
1342,40,2200,8000,270,270
1343,40,2600,23943,1090,1090
1344,370,2200,4154,0,0
1345,60,2200,18800,700,700
1346,310,2200,4545,0,0
1347,120,2600,9977,400,400
1348,75,2200,18788,900,900
1349,25,2200,27750,1000,1000
1350,75,2200,15400,600,600
1351,65,2200,17500,650,650
1352,36,3650,21920,1290,1290
1353,65,2200,18050,700,700
1354,170,2200,8289,320,320
1355,75,3000,10400,420,420
1356,50,2300,22358,1040,1040
1357,36,3500,12940,800,800
1358,40,2500,21750,1020,1020
1359,40,2200,28200,1100,1100
1360,100,2200,9018,470,470
1361,80,2500,10366,500,500
1362,120,2200,8500,350,350
1363,220,2200,6405,250,250
1364,28,2450,22300,1080,1080
1365,190,2600,6301,250,250
1366,230,2000,5377,0,0
1367,115,2160,8587,400,400
1368,150,2600,6500,250,250
1369,60,2920,11840,700,700
1370,370,2200,3808,0,0
1371,300,2200,4650,0,0
1372,320,2200,3522,0,0
1373,379,2200,3718,0,0
1374,229,2200,6120,0,0
1375,220,2200,6370,0,0
1376,349,2200,3230,0,0
1377,240,2200,4740,0,0
1378,45,2500,16700,650,650
1379,210,2200,5368,0,0
1380,55,2500,12000,530,530
1381,30,2200,21000,940,940
1382,120,2200,11090,530,530
1383,205,2200,6750,0,0
1384,268,2200,5240,0,0
1385,165,2200,8198,0,0
1386,155,2200,8727,0,0
1387,250,2200,5411,0,0
1388,360,2200,3718,0,0
1389,130,2200,7300,270,270
1390,339,2300,3980,0,0
1391,45,2700,20364,960,960
1392,210,2200,6650,0,0
1393,50,3000,11279,700,700
1394,40,2500,22060,1080,1080
1395,120,2200,10839,500,500
1396,220,2200,6150,250,250
1397,36,2280,22260,1080,1080
1398,330,2200,4500,200,200
1399,85,2200,11600,530,530
1400,130,2250,7600,0,0
1401,58,2320,12840,580,580
1402,50,2200,25050,1120,1120
1403,60,2200,23346,1100,1100
1404,320,2600,2993,150,150
1405,180,2200,7300,350,350
1406,169,2200,8300,0,0
1407,300,2600,3990,170,170
1408,80,2200,10669,500,500
1409,25,2200,26304,1220,1220
1410,70,2500,17060,800,800
1411,45,2500,22600,1080,1080
1412,75,2200,18896,850,850
1413,80,2200,11600,530,530
1414,145,2050,8327,320,320
1415,50,2200,11500,540,540
1416,65,2200,20600,960,960
1417,250,2280,4180,200,200
1418,190,2080,6000,250,250
1419,35,2430,19600,920,920
1420,100,2500,7000,280,280
1421,150,2200,7477,350,350
1422,25,2200,26523,1220,1220
1423,35,2200,28200,1350,1350
1424,40,2200,23300,1100,1100
1425,25,2500,25050,1120,1120
1426,80,2300,10000,470,470
1427,62,2400,20880,940,940
1428,75,2500,9500,470,470
1429,130,2250,8484,400,400
1430,70,2400,17070,800,800
1431,75,2400,9525,470,470
1432,25,2330,19800,920,920
1433,30,2000,18000,800,800
1434,45,2200,22066,1080,1080
1435,100,2480,10030,500,500
1436,70,2500,11600,530,530
1437,25,2200,26400,1000,1000
1438,150,2400,8580,0,0
1439,80,2200,9200,470,470
1440,110,2400,9415,470,470
1441,105,2400,9863,470,470
1442,80,2480,11398,540,540
1443,25,2500,25923,1120,1120
1444,190,2200,7000,250,250
1445,45,2200,22366,1080,1080
1446,110,2650,9040,410,410
1447,60,2200,18788,850,850
1448,45,2200,23400,1100,1100
1449,25,2200,25350,1120,1120
1450,28,2200,26832,1220,1220
1451,35,2200,21800,1000,1000
1452,260,2000,4500,140,140
1453,90,2200,11700,540,540
1454,50,2650,18000,850,850
1455,50,2500,18000,800,800
1456,35,2500,20800,940,940
1457,35,2500,23500,1100,1100
1458,30,3110,22386,1300,1300
1459,45,2230,16548,800,800
1460,40,2550,20276,960,960
1461,55,2000,22486,1080,1080
1462,28,2850,14800,750,750
1463,120,2200,11700,540,540
1464,150,2600,7981,350,350
1465,60,2600,19954,920,920
1466,110,2200,11580,540,540
1467,300,2200,4690,0,0
1468,80,2200,10099,500,500
1469,70,2200,18800,900,900
1470,32,2200,22018,1050,1050
1471,150,2700,6250,280,280
1472,130,2200,8800,400,400
1473,80,2200,11000,500,500
1474,30,2500,20732,960,960
1475,75,2500,10750,500,500
1476,530,2000,3150,0,0
1477,290,2200,5200,0,0
1478,150,2200,7800,0,0
1479,50,2300,24900,1120,1120
1480,190,2200,7416,350,350
1481,140,2200,9841,470,470
1482,85,2200,16578,800,800
1483,30,2600,19954,920,920
1484,45,2200,26190,1220,1220
1485,40,2500,23300,1100,1100
1486,46,2500,21634,1000,1000
1487,240,2200,6300,0,0
1488,260,2200,5800,0,0
1489,30,2200,26478,1220,1220
1490,280,2200,5400,0,0
1491,180,2200,6400,0,0
1492,50,2200,11273,450,450
1493,40,2200,17614,650,650
1494,40,2030,20000,700,700
1495,50,2120,9300,370,370
1496,60,2270,11691,450,450
1497,65,2200,11149,450,450
1498,65,2200,10206,420,420
1499,50,2500,11000,420,420
1500,50,2200,11719,450,450
1501,55,2200,9000,320,320
1502,300,2200,5000,200,200
1503,70,2200,10391,420,420
1504,50,2500,10500,420,420
1505,70,2200,10187,420,420
1506,150,2600,5957,230,230
1507,30,2200,25500,0,0
1508,80,2000,11800,450,450
1509,120,2200,10100,420,420
1510,130,2200,8200,320,320
1511,50,2200,23200,900,900
1512,50,2600,8404,320,320
1513,80,2200,11200,450,450
1514,80,2600,10331,420,420
1515,110,2200,8773,320,320
1516,35,2500,18600,700,700
1517,90,2200,8994,320,320
1518,110,2200,8886,320,320
1519,90,2500,6000,230,230
1520,100,2200,11607,450,450
1521,75,2200,8808,320,320
1522,160,2200,7045,0,0
1523,48,3740,14700,1000,1000
1524,100,2100,10470,420,420
1525,40,2500,22618,850,850
1526,60,2500,10366,420,420
1527,140,2600,5701,230,230
1528,130,2600,6139,250,250
1529,80,2600,9977,370,370
1530,65,2200,15608,600,600
1531,70,2200,17000,650,650
1532,80,2200,11743,450,450
1533,75,2200,11273,450,450
1534,65,2200,17342,650,650
1535,100,2200,11536,450,450
1536,36,2500,21600,800,800
1537,90,3580,6600,400,400
1538,55,2200,20496,800,800
1539,55,2200,20449,800,800
1540,60,2500,10950,420,420
1541,60,2200,17800,650,650
1542,50,2200,21136,800,800
1543,71,2200,16400,650,650
1544,105,2200,10736,420,420
1545,250,2200,5616,0,0
1546,40,2500,22000,800,800
1547,80,2200,11740,450,450
1548,100,3160,7470,400,400
1549,55,2200,20000,900,900
1550,249,2200,4527,0,0
1551,65,2600,11051,450,450
1552,90,2500,11203,450,450
1553,50,2430,16450,650,650
1554,50,2030,20900,800,800
1555,80,2420,8350,320,320
1556,250,2600,3831,170,170
1557,230,2600,4250,200,200
1558,400,2200,3804,0,0
1559,40,2200,19600,700,700
1560,289,2200,4770,0,0
1561,195,2200,6300,0,0
1562,50,2500,16500,650,650
1563,120,2200,8900,320,320
1564,120,2200,7700,270,270
1565,110,2200,7450,270,270
1566,269,2200,5150,0,0
1567,240,2200,5650,0,0
1568,160,2200,7300,0,0
1569,75,3370,6750,400,400
1570,70,2200,16400,650,650
1571,140,2200,9300,370,370
1572,110,2200,8653,320,320
1573,260,2600,3900,170,170
1574,85,2200,11152,450,450
1575,240,2200,4850,200,200
1576,95,2200,11500,450,450
1577,140,2200,8700,320,320
1578,160,2200,8400,350,350
1579,40,2500,19328,700,700
1580,50,2500,17346,650,650
1581,55,2200,19248,700,700
1582,60,2400,11000,420,420
1583,190,2600,4620,200,200
1584,130,2200,9000,320,320
1585,50,2500,21500,800,800
1586,370,2000,4130,0,0
1587,360,2000,4240,0,0
1588,150,2200,9394,470,470
1589,36,2500,27645,1000,1000
1590,120,2200,10803,500,500
1591,40,2200,21136,1000,1000
1592,40,2200,28182,1100,1100
1593,100,2300,10500,500,500
1594,180,2600,6651,250,250
1595,60,2500,18400,900,900
1596,50,2210,19130,900,900
1597,50,2540,14940,750,750
1598,25,2200,27700,1000,1000
1599,50,3380,13500,800,800
1600,70,3200,12000,750,750
1601,100,2600,10262,420,420
1602,510,2000,3273,0,0
1603,170,2200,5305,0,0
1604,130,2200,6937,250,250
1605,320,2200,4300,0,0
1606,230,2200,5300,0,0
1607,160,2200,8300,320,320
1608,40,2430,16450,800,800
1609,100,2600,8000,270,270
1610,350,2200,3220,0,0
1611,320,2200,4403,0,0
1612,249,2300,5400,0,0
1613,30,2200,25686,1190,1190
1614,220,2200,5124,0,0
1615,40,2150,22950,1040,1040
1616,309,2300,4340,0,0
1617,50,2200,22968,850,850
1618,40,2030,18450,900,900
1619,50,2430,20400,940,940
1620,36,2500,25587,950,950
1621,200,2200,6012,0,0
1622,36,2500,20600,800,800
1623,180,2500,6911,280,280
1624,288,2200,4860,0,0
1625,229,2200,6040,0,0
1626,195,2200,6937,0,0
1627,369,2200,3818,0,0
1628,240,2200,5636,0,0
1629,340,2200,3868,0,0
1630,135,2200,6958,250,250
1631,85,2200,13600,500,500
1632,290,2200,4859,200,200
1633,129,2350,8195,320,320
1634,100,2200,8454,320,320
1635,350,2200,4200,140,140
1636,55,2600,21768,960,960
1637,250,2200,5250,250,250
1638,280,2200,3522,0,0
1639,42,2400,17564,800,800
1640,40,2200,21136,1050,1050
1641,60,2200,23272,1100,1100
1642,300,2200,4509,0,0
1643,115,2200,9802,470,470
1644,320,2200,4200,140,140
1645,60,2600,16600,800,800
1646,25,2330,24500,1150,1150
1647,40,2400,27741,1000,1000
1648,60,3000,11029,700,700
1649,209,2200,5393,0,0
1650,55,2200,25620,1120,1120
1651,189,2200,5964,0,0
1652,90,2500,11500,530,530
1653,155,2200,7273,270,270
1654,80,2600,9977,470,470
1655,130,2300,7890,350,350
1656,139,2200,8110,320,320
1657,120,2500,8300,320,320
1658,48,1950,20000,920,920
1659,85,2600,11258,450,450
1660,30,2200,23486,1100,1100
1661,300,2600,3192,170,170
1662,45,2200,24600,1120,1120
1663,35,2500,23400,1100,1100
1664,75,2200,16400,800,800
1665,85,2400,10153,500,500
1666,85,2200,11052,530,530
1667,35,2200,24900,1120,1120
1668,230,2200,6205,280,280
1669,130,2600,8561,400,400
1670,150,3000,6743,250,250
1671,160,2200,8807,400,400
1672,40,2200,11743,540,540
1673,45,2710,19855,950,950
1674,190,2200,6950,250,250
1675,245,2200,4601,0,0
1676,610,2000,2700,0,0
1677,170,2400,7580,0,0
1678,90,2200,11750,540,540
1679,130,2200,8671,400,400
1680,60,2200,21136,1050,1050
1681,160,2500,7250,350,350
1682,70,2480,11022,540,540
1683,60,2500,18848,900,900
1684,95,2200,11750,530,530
1685,350,2000,4280,140,140
1686,300,2200,4200,140,140
1687,80,2590,9020,450,450
1688,80,2600,10762,420,420
1689,60,2200,20198,940,940
1690,80,2200,11689,540,540
1691,70,2620,9200,380,380
1692,120,2400,8630,320,320
1693,90,2500,11500,540,540
1694,350,2100,5740,0,0
1695,330,2580,4810,0,0
1696,60,2190,13564,580,580
1697,120,2200,9785,470,470
1698,220,2200,4611,0,0
1699,90,2500,10836,500,500
1700,150,2600,6050,250,250
1701,25,2330,23600,1100,1100
1702,90,2480,11145,540,540
1703,120,2200,10568,500,500
1704,210,2300,3000,150,150
1705,90,2200,10300,500,500
1706,48,2200,23500,1100,1100
1707,40,2130,20600,960,960
1708,90,2200,10229,500,500
1709,65,3000,9000,320,320
1710,330,2200,4250,0,0
1711,35,2200,22040,1050,1050
1712,40,2200,18420,850,850
1713,195,2200,6900,280,280
1714,25,2500,25698,1120,1120
1715,40,2200,28050,1350,1350
1716,70,2200,20528,960,960
1717,200,2200,7045,350,350
1718,120,2200,10960,500,500
1719,142,2200,7938,350,350
1720,35,2200,20130,960,960
1721,140,2000,8000,350,350
1722,25,2200,21000,960,960
1723,40,2500,11058,540,540
1724,35,2200,23198,1100,1100
1725,160,2200,7500,0,0
1726,230,2000,5600,0,0
1727,300,2000,4300,0,0
1728,60,2500,20356,960,960
1729,100,2500,11610,540,540
1730,25,2500,19904,700,700
1731,25,2200,22000,800,800
1732,150,2200,7338,270,270
1733,120,3000,8000,270,270
1734,120,2600,8143,320,320
1735,60,2200,18618,700,700
1736,30,2200,25200,950,950
1737,50,2430,12230,500,500
1738,60,2120,11000,420,420
1739,60,2120,11517,450,450
1740,65,2200,10839,420,420
1741,50,2430,12520,500,500
1742,55,2200,11387,450,450
1743,55,2200,10350,420,420
1744,50,2500,10000,370,370
1745,70,2200,10035,420,420
1746,70,2200,9058,370,370
1747,80,2200,9190,370,370
1748,70,2500,8925,320,320
1749,80,2200,8700,320,320
1750,80,2200,8800,320,320
1751,36,3220,10000,600,600
1752,40,2400,12500,500,500
1753,140,2200,8271,320,320
1754,60,2200,20000,700,700
1755,80,3000,9500,370,370
1756,120,2200,8277,320,320
1757,45,2200,19300,700,700
1758,50,2600,16798,650,650
1759,50,2200,22952,850,850
1760,100,2200,10856,420,420
1761,105,2200,10300,420,420
1762,80,2700,11455,450,450
1763,30,2200,21876,800,800
1764,30,2500,17416,650,650
1765,130,2600,8100,320,320
1766,50,2200,11348,450,450
1767,50,2200,10000,370,370
1768,80,2500,11500,450,450
1769,140,2200,6000,230,230
1770,155,2200,8900,0,0
1771,80,2600,10700,420,420
1772,290,2200,4750,0,0
1773,110,2100,10160,420,420
1774,20,2600,27630,1000,1000
1775,140,2200,5500,230,230
1776,45,2200,18788,700,700
1777,70,2200,18338,700,700
1778,30,2500,24000,900,900
1779,48,3530,14700,1000,1000
1780,50,2200,18586,700,700
1781,48,3000,14700,600,600
1782,60,2500,17770,650,650
1783,100,2200,7800,270,270
1784,85,2200,11300,450,450
1785,40,2200,23486,900,900
1786,100,2200,9600,370,370
1787,70,2500,11847,450,450
1788,40,2200,22000,800,800
1789,36,2300,20100,940,940
1790,50,2500,17200,650,650
1791,50,2200,18156,700,700
1792,240,2200,4697,0,0
1793,65,2200,20400,800,800
1794,150,3070,5520,350,350
1795,660,2000,2529,0,0
1796,100,2200,10650,420,420
1797,80,2450,12840,600,600
1798,410,2200,3711,0,0
1799,280,2600,3420,170,170
1800,200,2600,4789,200,200
1801,140,2600,4620,200,200
1802,200,2200,6200,0,0
1803,50,2200,20600,800,800
1804,150,2200,7515,0,0
1805,280,2600,4000,170,170
1806,65,2500,16400,650,650
1807,130,2200,7226,270,270
1808,210,2200,6300,250,250
1809,95,2600,10500,420,420
1810,80,2600,9652,370,370
1811,40,2410,9930,370,370
1812,65,2200,21678,1000,1000
1813,150,2500,8293,320,320
1814,35,2200,21472,1000,1000
1815,110,2500,11309,530,530
1816,55,2200,20496,940,940
1817,60,2200,22106,1080,1080
1818,100,2000,8150,320,320
1819,36,2890,23800,1200,1200
1820,36,3800,16030,1100,1100
1821,32,3380,22800,1300,1300
1822,200,2600,5986,230,230
1823,200,2200,7045,270,270
1824,175,2200,7300,350,350
1825,120,2200,9394,470,470
1826,36,3410,12790,800,800
1827,25,2300,26988,1000,1000
1828,65,3200,12000,750,750
1829,32,2200,25161,1120,1120
1830,50,3340,11960,750,750
1831,240,2200,3757,0,0
1832,220,2200,4099,0,0
1833,239,2200,5850,0,0
1834,210,2200,6441,0,0
1835,200,2200,6763,0,0
1836,240,2000,5257,0,0
1837,50,2200,26088,1000,1000
1838,55,2200,20800,800,800
1839,32,2200,21200,1020,1020
1840,300,2600,3400,170,170
1841,90,2200,9394,470,470
1842,360,2200,3200,0,0
1843,359,2200,3140,0,0
1844,50,2200,21260,800,800
1845,160,2500,6220,280,280
1846,170,2500,7317,350,350
1847,200,2000,6700,0,0
1848,160,2200,5636,0,0
1849,160,2200,7045,350,350
1850,299,2200,4690,0,0
1851,40,2430,21200,800,800
1852,259,2300,5180,0,0
1853,320,2200,4403,140,140
1854,60,2500,11610,530,530
1855,55,2200,20800,940,940
1856,300,2200,4550,140,140
1857,60,2200,18788,900,900
1858,310,2200,4363,0,0
1859,120,2200,11700,530,530
1860,130,2000,7100,350,350
1861,40,2400,21576,1000,1000
1862,190,2200,5933,0,0
1863,140,2200,10200,500,500
1864,198,2200,7080,0,0
1865,330,2200,3416,170,170
1866,258,2400,4700,200,200
1867,169,2200,6670,0,0
1868,80,2200,11273,530,530
1869,300,2200,4026,200,200
1870,60,2500,19148,900,900
1871,159,2350,6648,0,0
1872,40,2200,25878,1120,1120
1873,60,2500,6000,250,250
1874,30,2500,24000,1120,1120
1875,36,2500,26580,1220,1220
1876,80,2500,10450,500,500
1877,65,2600,9200,450,450
1878,60,2530,8000,400,400
1879,125,2500,6634,250,250
1880,55,2400,20000,920,920
1881,60,3000,11702,700,700
1882,30,2200,21320,1000,1000
1883,95,2200,9888,470,470
1884,219,2200,6400,0,0
1885,50,2600,20600,960,960
1886,55,2200,16000,600,600
1887,50,2200,24600,1120,1120
1888,190,2200,7649,0,0
1889,80,2200,9159,470,470
1890,35,2200,23006,1100,1100
1891,55,2200,20496,960,960
1892,80,2200,11273,540,540
1893,70,2400,18494,900,900
1894,80,2600,8724,400,400
1895,100,2500,11445,540,540
1896,80,2200,11700,530,530
1897,55,2700,11000,420,420
1898,45,2580,21470,1050,1050
1899,180,2400,7150,0,0
1900,140,2400,7397,270,270
1901,40,2450,19032,920,920
1902,115,2200,8350,350,350
1903,100,2200,11273,540,540
1904,40,2200,21500,1050,1050
1905,80,2000,12000,540,540
1906,290,2200,3950,0,0
1907,25,2200,23000,1080,1080
1908,330,2200,3496,170,170
1909,30,2000,25764,1120,1120
1910,30,2200,25800,1120,1120
1911,290,2000,4264,0,0
1912,35,2200,26841,1220,1220
1913,28,2200,28600,1350,1350
1914,70,2200,11600,540,540
1915,35,2200,25800,1120,1120
1916,180,2000,5496,0,0
1917,80,3180,6750,490,490
1918,50,2030,23010,1100,1100
1919,230,2200,5800,230,230
1920,40,2550,18600,900,900
1921,150,2200,6350,250,250
1922,120,2200,10615,500,500
1923,180,2200,6300,0,0
1924,30,2660,26490,1280,1280
1925,130,2200,7371,350,350
1926,50,3700,15200,800,800
1927,70,2400,17608,800,800
1928,45,2200,28800,1100,1100
1929,140,2200,6844,250,250
1930,280,2180,4037,200,200
1931,160,2220,4220,200,200
1932,210,2200,5200,0,0
1933,80,2200,16908,800,800
1934,200,2600,6300,250,250
1935,70,2500,10781,500,500
1936,45,2200,22084,1050,1050
1937,100,2600,9578,470,470
1938,195,2200,5781,0,0
1939,50,2500,25050,1120,1120
1940,60,2400,19456,920,920
1941,80,2200,11625,540,540
1942,55,2200,20600,960,960
1943,60,2500,11800,540,540
1944,80,2500,10043,500,500
1945,110,2200,11600,540,540
1946,510,2200,3000,0,0
1947,110,2200,11596,540,540
1948,60,2670,8010,340,340
1949,100,2350,10900,500,500
1950,55,2200,11036,540,540
1951,170,2200,8400,400,400
1952,55,2200,10248,500,500
1953,90,2200,11650,540,540
1954,60,3200,10454,700,700
1955,680,2000,3000,0,0
1956,210,2000,6100,0,0
1957,220,2000,5900,0,0
1958,80,2200,9105,470,470
1959,95,2500,8200,400,400
